﻿<log4net>

  <appender name="RollingLogFileAppender" type="log4net.Appender.RollingFileAppender">
    <file value="Logs/project.log" />   
    <appendToFile value="true" />   
    <rollingStyle value="Composite" />
    <datePattern value="&quot;.&quot;yyyyMMdd" />
    <maxSizeRollBackups value="30" />
    <maximumFileSize value="5MB" />
    <layout type="log4net.Layout.PatternLayout">
      <conversionPattern value="%d [%t] %-5p %m - [%F:%L]%n" />
    </layout>
  </appender>

  <appender name="ConsoleAppender" type="log4net.Appender.ConsoleAppender">
    <layout type="log4net.Layout.PatternLayout">
      <conversionPattern value="%d [%t] %-5p %m%n" />
    </layout>
  </appender>

  <root>
    <level value="DEBUG"></level>
    <appender-ref ref="RollingLogFileAppender"></appender-ref>
  </root>

</log4net>